{
  "model": "Qwen/Qwen2.5-7B-Instruct",
  "mode": "stress",
  "num_runs_per_case": 15,
  "total_test_cases": 12,
  "total_time_seconds": 196.48830103874207,
  "test_cases": [
    {
      "test_case": "Short prompt, 10 tokens",
      "prompt_length": "short",
      "max_tokens": 10,
      "result": {
        "prompt": "The capital of France is",
        "prompt_length_words": 5,
        "max_tokens": 10,
        "num_runs": 15,
        "latencies": [
          0.1054145060479641,
          0.10500762984156609,
          0.10491307079792023,
          0.10536180436611176,
          0.10508011281490326,
          0.10513497516512871,
          0.10511240735650063,
          0.10497216507792473,
          0.10478348657488823,
          0.10420891642570496,
          0.10427291691303253,
          0.10458559542894363,
          0.10424929484724998,
          0.10414449498057365,
          0.10447103530168533
        ],
        "latency_stats": {
          "mean": 0.10478082746267318,
          "median": 0.10491307079792023,
          "stdev": 0.000428964955890194,
          "min": 0.10414449498057365,
          "max": 0.1054145060479641
        },
        "avg_tokens_generated": 8.0,
        "throughput_tokens_per_sec": 76.34984561321485
      }
    },
    {
      "test_case": "Short prompt, 20 tokens",
      "prompt_length": "short",
      "max_tokens": 20,
      "result": {
        "prompt": "The capital of France is",
        "prompt_length_words": 5,
        "max_tokens": 20,
        "num_runs": 15,
        "latencies": [
          0.2060542330145836,
          0.2061188742518425,
          0.20615585520863533,
          0.2060728333890438,
          0.20624244213104248,
          0.20606332272291183,
          0.2062586024403572,
          0.20627674087882042,
          0.20613650977611542,
          0.20609106123447418,
          0.206130038946867,
          0.2058531418442726,
          0.20568491145968437,
          0.20592615008354187,
          0.2057957611978054
        ],
        "latency_stats": {
          "mean": 0.20605736523866652,
          "median": 0.20609106123447418,
          "stdev": 0.00017225553840725507,
          "min": 0.20568491145968437,
          "max": 0.20627674087882042
        },
        "avg_tokens_generated": 16.0,
        "throughput_tokens_per_sec": 77.6482800382697
      }
    },
    {
      "test_case": "Short prompt, 50 tokens",
      "prompt_length": "short",
      "max_tokens": 50,
      "result": {
        "prompt": "The capital of France is",
        "prompt_length_words": 5,
        "max_tokens": 50,
        "num_runs": 15,
        "latencies": [
          0.5123095661401749,
          0.5119854062795639,
          0.5116974003612995,
          0.5120198726654053,
          0.5134592317044735,
          0.5123527944087982,
          0.5117889046669006,
          0.5121701620519161,
          0.5126170329749584,
          0.5131126902997494,
          0.5128983221948147,
          0.5126922987401485,
          0.5123094543814659,
          0.5133832208812237,
          0.5134902037680149
        ],
        "latency_stats": {
          "mean": 0.5125524374345939,
          "median": 0.5123527944087982,
          "stdev": 0.0006019240146627413,
          "min": 0.5116974003612995,
          "max": 0.5134902037680149
        },
        "avg_tokens_generated": 40.0,
        "throughput_tokens_per_sec": 78.04079559197169
      }
    },
    {
      "test_case": "Short prompt, 100 tokens",
      "prompt_length": "short",
      "max_tokens": 100,
      "result": {
        "prompt": "The capital of France is",
        "prompt_length_words": 5,
        "max_tokens": 100,
        "num_runs": 15,
        "latencies": [
          1.0221908874809742,
          1.0227961279451847,
          1.0223726332187653,
          1.022684182971716,
          1.0235916338860989,
          1.022551104426384,
          1.0219946578145027,
          1.0229902975261211,
          1.0229036547243595,
          1.0222436264157295,
          1.0226718559861183,
          1.0235196389257908,
          1.0226408690214157,
          1.0226041786372662,
          1.0225765369832516
        ],
        "latency_stats": {
          "mean": 1.0226887923975785,
          "median": 1.0226408690214157,
          "stdev": 0.00044103820489528367,
          "min": 1.0219946578145027,
          "max": 1.0235916338860989
        },
        "avg_tokens_generated": 81.0,
        "throughput_tokens_per_sec": 79.20298002885573
      }
    },
    {
      "test_case": "Medium prompt, 20 tokens",
      "prompt_length": "medium",
      "max_tokens": 20,
      "result": {
        "prompt": "Write a short story about a robot learning to paint. Include details about the robot's journey and emotions.",
        "prompt_length_words": 18,
        "max_tokens": 20,
        "num_runs": 15,
        "latencies": [
          0.206814993172884,
          0.20708802342414856,
          0.2066950537264347,
          0.2063574492931366,
          0.20656856521964073,
          0.2065279632806778,
          0.20675641298294067,
          0.20678619295358658,
          0.2072126641869545,
          0.20696353167295456,
          0.20700957998633385,
          0.20708098262548447,
          0.20700155198574066,
          0.2068781852722168,
          0.2062341570854187
        ],
        "latency_stats": {
          "mean": 0.20679835379123687,
          "median": 0.206814993172884,
          "stdev": 0.000281131219083637,
          "min": 0.2062341570854187,
          "max": 0.2072126641869545
        },
        "avg_tokens_generated": 16.0,
        "throughput_tokens_per_sec": 77.37005496742017
      }
    },
    {
      "test_case": "Medium prompt, 50 tokens",
      "prompt_length": "medium",
      "max_tokens": 50,
      "result": {
        "prompt": "Write a short story about a robot learning to paint. Include details about the robot's journey and emotions.",
        "prompt_length_words": 18,
        "max_tokens": 50,
        "num_runs": 15,
        "latencies": [
          0.5128199569880962,
          0.5140770860016346,
          0.5138172544538975,
          0.513558279722929,
          0.5132675617933273,
          0.5124229788780212,
          0.5123243592679501,
          0.5126254335045815,
          0.5127754099667072,
          0.5124946720898151,
          0.5129875056445599,
          0.5128883495926857,
          0.5132947824895382,
          0.5128862075507641,
          0.5127094648778439
        ],
        "latency_stats": {
          "mean": 0.5129966201881567,
          "median": 0.5128862075507641,
          "stdev": 0.000512413590584421,
          "min": 0.5123243592679501,
          "max": 0.5140770860016346
        },
        "avg_tokens_generated": 40.0,
        "throughput_tokens_per_sec": 77.97322326476306
      }
    },
    {
      "test_case": "Medium prompt, 100 tokens",
      "prompt_length": "medium",
      "max_tokens": 100,
      "result": {
        "prompt": "Write a short story about a robot learning to paint. Include details about the robot's journey and emotions.",
        "prompt_length_words": 18,
        "max_tokens": 100,
        "num_runs": 15,
        "latencies": [
          1.0240152478218079,
          1.0225718282163143,
          1.0232306309044361,
          1.023685846477747,
          1.0250426568090916,
          1.0245468989014626,
          1.024522002786398,
          1.022616308182478,
          1.0223057754337788,
          1.023087926208973,
          1.022649597376585,
          1.0222201980650425,
          1.0228631347417831,
          1.0231496393680573,
          1.0223759077489376
        ],
        "latency_stats": {
          "mean": 1.0232589066028595,
          "median": 1.023087926208973,
          "stdev": 0.0009028671682811595,
          "min": 1.0222201980650425,
          "max": 1.0250426568090916
        },
        "avg_tokens_generated": 83.0,